-- phpMyAdmin SQL Dump
-- version 5.0.2
-- https://www.phpmyadmin.net/
--
-- Máy chủ: 127.0.0.1
-- Thời gian đã tạo: Th8 01, 2020 lúc 08:05 AM
-- Phiên bản máy phục vụ: 10.4.11-MariaDB
-- Phiên bản PHP: 7.2.31

SET SQL_MODE = "NO_AUTO_VALUE_ON_ZERO";
START TRANSACTION;
SET time_zone = "+00:00";


/*!40101 SET @OLD_CHARACTER_SET_CLIENT=@@CHARACTER_SET_CLIENT */;
/*!40101 SET @OLD_CHARACTER_SET_RESULTS=@@CHARACTER_SET_RESULTS */;
/*!40101 SET @OLD_COLLATION_CONNECTION=@@COLLATION_CONNECTION */;
/*!40101 SET NAMES utf8mb4 */;

--
-- Cơ sở dữ liệu: `web_mvcphu`
--

-- --------------------------------------------------------

--
-- Cấu trúc bảng cho bảng `tbl_admin`
--

CREATE TABLE `tbl_admin` (
  `adminId` int(11) NOT NULL,
  `adminName` varchar(255) COLLATE utf8_unicode_ci NOT NULL,
  `adminEmail` varchar(150) COLLATE utf8_unicode_ci NOT NULL,
  `adminUser` varchar(255) COLLATE utf8_unicode_ci NOT NULL,
  `adminPass` varchar(255) COLLATE utf8_unicode_ci NOT NULL,
  `level` int(30) NOT NULL
) ENGINE=InnoDB DEFAULT CHARSET=utf8 COLLATE=utf8_unicode_ci;

--
-- Đang đổ dữ liệu cho bảng `tbl_admin`
--

INSERT INTO `tbl_admin` (`adminId`, `adminName`, `adminEmail`, `adminUser`, `adminPass`, `level`) VALUES
(1, 'admin', 'nguyentanpha@gmail.com', 'phaadmin', '123123', 0),
(2, 'admin1', 'phamtruongphuc@gmail.com', 'phucadmin', '456456', 0);

-- --------------------------------------------------------

--
-- Cấu trúc bảng cho bảng `tbl_brand`
--

CREATE TABLE `tbl_brand` (
  `brandId` int(11) NOT NULL,
  `brandName` varchar(255) COLLATE utf8_unicode_ci NOT NULL
) ENGINE=InnoDB DEFAULT CHARSET=utf8 COLLATE=utf8_unicode_ci;

--
-- Đang đổ dữ liệu cho bảng `tbl_brand`
--

INSERT INTO `tbl_brand` (`brandId`, `brandName`) VALUES
(6, 'HOA CHUC MUNG'),
(7, 'HOA CHIA BUON'),
(8, 'HOA GIO'),
(9, ''),
(10, 'HOA BO'),
(12, ''),
(13, ''),
(14, 'Tra Sua');

-- --------------------------------------------------------

--
-- Cấu trúc bảng cho bảng `tbl_cart`
--

CREATE TABLE `tbl_cart` (
  `cartId` int(11) NOT NULL,
  `productId` int(11) NOT NULL,
  `sId` varchar(255) COLLATE utf8_unicode_ci NOT NULL,
  `productName` varchar(255) COLLATE utf8_unicode_ci NOT NULL,
  `price` varchar(255) COLLATE utf8_unicode_ci NOT NULL,
  `quantity` int(11) NOT NULL,
  `image` varchar(255) COLLATE utf8_unicode_ci NOT NULL
) ENGINE=InnoDB DEFAULT CHARSET=utf8 COLLATE=utf8_unicode_ci;

--
-- Đang đổ dữ liệu cho bảng `tbl_cart`
--

INSERT INTO `tbl_cart` (`cartId`, `productId`, `sId`, `productName`, `price`, `quantity`, `image`) VALUES
(1, 7, '', '', '12000000', 3, 'tradao.png'),
(2, 7, '', '', '12000000', 1, 'tradao.png'),
(3, 7, '', '', '12000000', 1, 'tradao.png'),
(4, 8, '', '', '5000000', 1, 'tradao.png'),
(8, 6, '', '', '10000000', 1, 'tradao.png'),
(9, 8, '', '', '5000000', 1, 'tradao.png'),
(13, 17, '', '', '1099000', 1, 'tradao.png'),
(14, 19, '', '', '9700000', 3, 'tradao.png'),
(18, 18, '', '', '2589900', 1000, 'tradao.png'),
(19, 19, '', '', '9700000', 1, 'tradao.png');

-- --------------------------------------------------------

--
-- Cấu trúc bảng cho bảng `tbl_category`
--

CREATE TABLE `tbl_category` (
  `catId` int(11) NOT NULL,
  `catName` varchar(255) COLLATE utf8_unicode_ci NOT NULL
) ENGINE=InnoDB DEFAULT CHARSET=utf8 COLLATE=utf8_unicode_ci;

--
-- Đang đổ dữ liệu cho bảng `tbl_category`
--

INSERT INTO `tbl_category` (`catId`, `catName`) VALUES
(3, 'HOA BO'),
(7, 'HOA CHUC MUNG'),
(16, 'HOA CHIA BUON'),
(17, 'HOA GIO');

-- --------------------------------------------------------

--
-- Cấu trúc bảng cho bảng `tbl_compare`
--

CREATE TABLE `tbl_compare` (
  `id` int(11) NOT NULL,
  `customer_id` int(11) NOT NULL,
  `productId` int(11) NOT NULL,
  `productName` varchar(255) COLLATE utf8_unicode_ci NOT NULL,
  `price` varchar(255) COLLATE utf8_unicode_ci NOT NULL,
  `image` varchar(255) COLLATE utf8_unicode_ci NOT NULL
) ENGINE=InnoDB DEFAULT CHARSET=utf8 COLLATE=utf8_unicode_ci;

-- --------------------------------------------------------

--
-- Cấu trúc bảng cho bảng `tbl_customer`
--

CREATE TABLE `tbl_customer` (
  `id` int(11) NOT NULL,
  `name` varchar(255) COLLATE utf8_unicode_ci NOT NULL,
  `address` varchar(255) COLLATE utf8_unicode_ci NOT NULL,
  `city` varchar(30) COLLATE utf8_unicode_ci NOT NULL,
  `country` varchar(30) COLLATE utf8_unicode_ci NOT NULL,
  `zipcode` varchar(30) COLLATE utf8_unicode_ci NOT NULL,
  `phone` varchar(30) COLLATE utf8_unicode_ci NOT NULL,
  `email` varchar(50) COLLATE utf8_unicode_ci NOT NULL,
  `password` varchar(255) COLLATE utf8_unicode_ci NOT NULL
) ENGINE=InnoDB DEFAULT CHARSET=utf8 COLLATE=utf8_unicode_ci;

--
-- Đang đổ dữ liệu cho bảng `tbl_customer`
--

INSERT INTO `tbl_customer` (`id`, `name`, `address`, `city`, `country`, `zipcode`, `phone`, `email`, `password`) VALUES
(3, 'nguyen nhat hieu', '161 pham van bac HCM', 'TPHCM', 'hcm', '700000', '0964125155', 'nguyennhathieu2000@gmail.com', '123123'),
(4, 'tran quang duc', '149 luy ban bich HCM', 'TPHCM', 'hcm', '700000', '0967213123', 'tranquangduc2000@gmail.com', '456456'),
(5, 'tran quynh anh', '144 quang trung', 'TPHCM', 'hcm', '700000', '0522525294', 'quynhanh2000@gmail.com', '789789');

-- --------------------------------------------------------

--
-- Cấu trúc bảng cho bảng `tbl_order`
--

CREATE TABLE `tbl_order` (
  `id` int(11) NOT NULL,
  `productId` int(11) NOT NULL,
  `productName` varchar(255) COLLATE utf8_unicode_ci NOT NULL,
  `customer_id` int(11) NOT NULL,
  `quantity` int(11) NOT NULL,
  `price` varchar(255) COLLATE utf8_unicode_ci NOT NULL,
  `image` varchar(255) COLLATE utf8_unicode_ci NOT NULL,
  `status` int(11) NOT NULL DEFAULT 0,
  `date_order` datetime NOT NULL DEFAULT current_timestamp()
) ENGINE=InnoDB DEFAULT CHARSET=utf8 COLLATE=utf8_unicode_ci;

--
-- Đang đổ dữ liệu cho bảng `tbl_order`
--

INSERT INTO `tbl_order` (`id`, `productId`, `productName`, `customer_id`, `quantity`, `price`, `image`, `status`, `date_order`) VALUES
(56, 22, 'Tra Sua Truyen Thong', 3, 5, '300000', '643929ce40.jpg', 1, '2019-07-17 00:54:42'),
(57, 22, 'Tra Sua Truyen Thong', 3, 4, '240000', '643929ce40.jpg', 1, '2019-07-17 00:56:49'),
(58, 22, 'Tra Sua Truyen Thong', 3, 5, '300000', '643929ce40.jpg', 1, '2019-07-17 00:57:49'),
(59, 20, 'Tra Sua Truyen Thong', 3, 10, '12400000', '49b106217c.jpg', 1, '2019-07-17 01:51:22');

-- --------------------------------------------------------

--
-- Cấu trúc bảng cho bảng `tbl_product`
--

CREATE TABLE `tbl_product` (
  `productId` int(11) NOT NULL,
  `productName` tinytext COLLATE utf8_unicode_ci NOT NULL,
  `product_code` varchar(200) COLLATE utf8_unicode_ci NOT NULL,
  `productQuantity` varchar(50) COLLATE utf8_unicode_ci NOT NULL,
  `product_soldout` varchar(50) COLLATE utf8_unicode_ci NOT NULL DEFAULT '0',
  `product_remain` varchar(50) COLLATE utf8_unicode_ci NOT NULL,
  `catId` int(11) NOT NULL,
  `brandId` int(11) NOT NULL,
  `product_desc` text COLLATE utf8_unicode_ci NOT NULL,
  `type` int(11) NOT NULL,
  `price` varchar(255) COLLATE utf8_unicode_ci NOT NULL,
  `image` varchar(255) COLLATE utf8_unicode_ci NOT NULL
) ENGINE=InnoDB DEFAULT CHARSET=utf8 COLLATE=utf8_unicode_ci;

--
-- Đang đổ dữ liệu cho bảng `tbl_product`
--

INSERT INTO `tbl_product` (`productId`, `productName`, `product_code`, `productQuantity`, `product_soldout`, `product_remain`, `catId`, `brandId`, `product_desc`, `type`, `price`, `image`) VALUES
(17, 'HOA GIO 01', 'MH1129', '100', '0', '100', 7, 6, '', 0, '40000', 'hoagio1.png'),
(18, 'HOA BÓ 01', 'MH1130', '120', '0', '120', 3, 10, '', 0, '2555000', 'hoabo1.png'),
(19, 'HOA CHI BUON 01', 'MH1140', '65', '0', '65', 16, 7, '', 0, '25000', 'hoachianuon1.png'),
(20, 'HOA CHUC MUNG 01', 'MH1150', '70', '10', '65', 17, 8, '', 0, '440000', 'hoachucmung1.png'),
(21, 'HOA HUC MUNG 02', 'MH1115', '48', '0', '61', 7, 14, '', 0, '420000', 'hoahucmung2.png'),
(22, 'HOA CHUC MUNG 03', 'MH1111', '95', '19', '76', 7, 14, '', 0, '410000', 'hoahucmung3.jpg');

-- --------------------------------------------------------

--
-- Cấu trúc bảng cho bảng `tbl_slider`
--

CREATE TABLE `tbl_slider` (
  `sliderId` int(11) NOT NULL,
  `sliderName` varchar(255) COLLATE utf8_unicode_ci NOT NULL,
  `slider_image` varchar(255) COLLATE utf8_unicode_ci NOT NULL,
  `type` int(11) NOT NULL
) ENGINE=InnoDB DEFAULT CHARSET=utf8 COLLATE=utf8_unicode_ci;

--
-- Đang đổ dữ liệu cho bảng `tbl_slider`
--

INSERT INTO `tbl_slider` (`sliderId`, `sliderName`, `slider_image`, `type`) VALUES
(8, 'slider4', 'slideshow-001.jpg', 1),
(9, 'slider5', 'slideshow-002.jpg', 1),
(11, 'slider6', 'slideshow-003.jpg', 1);

-- --------------------------------------------------------

--
-- Cấu trúc bảng cho bảng `tbl_warehouse`
--

CREATE TABLE `tbl_warehouse` (
  `id_warehouse` int(11) NOT NULL,
  `id_sanpham` int(11) NOT NULL,
  `sl_nhap` varchar(50) NOT NULL,
  `sl_ngaynhap` timestamp NOT NULL DEFAULT current_timestamp() ON UPDATE current_timestamp()
) ENGINE=InnoDB DEFAULT CHARSET=utf8;

--
-- Đang đổ dữ liệu cho bảng `tbl_warehouse`
--

INSERT INTO `tbl_warehouse` (`id_warehouse`, `id_sanpham`, `sl_nhap`, `sl_ngaynhap`) VALUES
(1, 22, '5', '2019-07-16 18:31:22'),
(2, 21, '10', '2019-07-16 18:32:03'),
(3, 21, '3', '2019-07-16 18:42:59'),
(4, 20, '5', '2019-07-16 18:51:40');

-- --------------------------------------------------------

--
-- Cấu trúc bảng cho bảng `tbl_wishlist`
--

CREATE TABLE `tbl_wishlist` (
  `id` int(11) NOT NULL,
  `customer_id` int(11) NOT NULL,
  `productId` int(11) NOT NULL,
  `productName` varchar(255) COLLATE utf8_unicode_ci NOT NULL,
  `price` varchar(255) COLLATE utf8_unicode_ci NOT NULL,
  `image` varchar(255) COLLATE utf8_unicode_ci NOT NULL
) ENGINE=InnoDB DEFAULT CHARSET=utf8 COLLATE=utf8_unicode_ci;

--
-- Đang đổ dữ liệu cho bảng `tbl_wishlist`
--

INSERT INTO `tbl_wishlist` (`id`, `customer_id`, `productId`, `productName`, `price`, `image`) VALUES
(3, 3, 6, '', '10000000', 'socola.png'),
(4, 3, 18, '', '2589900', 'socola.png');

--
-- Chỉ mục cho các bảng đã đổ
--

--
-- Chỉ mục cho bảng `tbl_admin`
--
ALTER TABLE `tbl_admin`
  ADD PRIMARY KEY (`adminId`);

--
-- Chỉ mục cho bảng `tbl_brand`
--
ALTER TABLE `tbl_brand`
  ADD PRIMARY KEY (`brandId`);

--
-- Chỉ mục cho bảng `tbl_cart`
--
ALTER TABLE `tbl_cart`
  ADD PRIMARY KEY (`cartId`);

--
-- Chỉ mục cho bảng `tbl_category`
--
ALTER TABLE `tbl_category`
  ADD PRIMARY KEY (`catId`);

--
-- Chỉ mục cho bảng `tbl_compare`
--
ALTER TABLE `tbl_compare`
  ADD PRIMARY KEY (`id`);

--
-- Chỉ mục cho bảng `tbl_customer`
--
ALTER TABLE `tbl_customer`
  ADD PRIMARY KEY (`id`);

--
-- Chỉ mục cho bảng `tbl_order`
--
ALTER TABLE `tbl_order`
  ADD PRIMARY KEY (`id`);

--
-- Chỉ mục cho bảng `tbl_product`
--
ALTER TABLE `tbl_product`
  ADD PRIMARY KEY (`productId`);

--
-- Chỉ mục cho bảng `tbl_slider`
--
ALTER TABLE `tbl_slider`
  ADD PRIMARY KEY (`sliderId`);

--
-- Chỉ mục cho bảng `tbl_warehouse`
--
ALTER TABLE `tbl_warehouse`
  ADD PRIMARY KEY (`id_warehouse`);

--
-- Chỉ mục cho bảng `tbl_wishlist`
--
ALTER TABLE `tbl_wishlist`
  ADD PRIMARY KEY (`id`);

--
-- AUTO_INCREMENT cho các bảng đã đổ
--

--
-- AUTO_INCREMENT cho bảng `tbl_admin`
--
ALTER TABLE `tbl_admin`
  MODIFY `adminId` int(11) NOT NULL AUTO_INCREMENT, AUTO_INCREMENT=3;

--
-- AUTO_INCREMENT cho bảng `tbl_brand`
--
ALTER TABLE `tbl_brand`
  MODIFY `brandId` int(11) NOT NULL AUTO_INCREMENT, AUTO_INCREMENT=15;

--
-- AUTO_INCREMENT cho bảng `tbl_cart`
--
ALTER TABLE `tbl_cart`
  MODIFY `cartId` int(11) NOT NULL AUTO_INCREMENT, AUTO_INCREMENT=22;

--
-- AUTO_INCREMENT cho bảng `tbl_category`
--
ALTER TABLE `tbl_category`
  MODIFY `catId` int(11) NOT NULL AUTO_INCREMENT, AUTO_INCREMENT=18;

--
-- AUTO_INCREMENT cho bảng `tbl_compare`
--
ALTER TABLE `tbl_compare`
  MODIFY `id` int(11) NOT NULL AUTO_INCREMENT;

--
-- AUTO_INCREMENT cho bảng `tbl_customer`
--
ALTER TABLE `tbl_customer`
  MODIFY `id` int(11) NOT NULL AUTO_INCREMENT, AUTO_INCREMENT=6;

--
-- AUTO_INCREMENT cho bảng `tbl_order`
--
ALTER TABLE `tbl_order`
  MODIFY `id` int(11) NOT NULL AUTO_INCREMENT, AUTO_INCREMENT=60;

--
-- AUTO_INCREMENT cho bảng `tbl_product`
--
ALTER TABLE `tbl_product`
  MODIFY `productId` int(11) NOT NULL AUTO_INCREMENT, AUTO_INCREMENT=23;

--
-- AUTO_INCREMENT cho bảng `tbl_slider`
--
ALTER TABLE `tbl_slider`
  MODIFY `sliderId` int(11) NOT NULL AUTO_INCREMENT, AUTO_INCREMENT=12;

--
-- AUTO_INCREMENT cho bảng `tbl_warehouse`
--
ALTER TABLE `tbl_warehouse`
  MODIFY `id_warehouse` int(11) NOT NULL AUTO_INCREMENT, AUTO_INCREMENT=5;

--
-- AUTO_INCREMENT cho bảng `tbl_wishlist`
--
ALTER TABLE `tbl_wishlist`
  MODIFY `id` int(11) NOT NULL AUTO_INCREMENT, AUTO_INCREMENT=5;
COMMIT;

/*!40101 SET CHARACTER_SET_CLIENT=@OLD_CHARACTER_SET_CLIENT */;
/*!40101 SET CHARACTER_SET_RESULTS=@OLD_CHARACTER_SET_RESULTS */;
/*!40101 SET COLLATION_CONNECTION=@OLD_COLLATION_CONNECTION */;
